event_id,agent,action,result,timestamp
1,system,boot,ok,1773484768.39746
2,system,heartbeat,ok,1773484946.57613
3,system,clean_test,ok,1773485058.84049
EV-20260314-00001,system,heartbeat,ok,1773485122
EV-20260314-00002,system,heartbeat,ok,1773485212
,system,heartbeat,ok,1773485315.04043
1,system,heartbeat,ok,1773485331.10207
2,system,heartbeat,ok,1773485341.11763
3,system,heartbeat,ok,1773485351.12934
4,system,heartbeat,ok,1773485361.13926
5,system,heartbeat,ok,1773485371.15923
6,system,heartbeat,ok,1773485381.17126
7,system,heartbeat,ok,1773485391.18868
8,system,heartbeat,ok,1773485401.20552
9,system,heartbeat,ok,1773485411.22513
10,system,heartbeat,ok,1773485421.241
11,system,heartbeat,ok,1773485431.25452
12,system,heartbeat,ok,1773485578.06912
13,system,heartbeat,ok,1773485588.08621
14,system,heartbeat,ok,1773485598.10762
15,system,heartbeat,ok,1773485608.12031
16,system,heartbeat,ok,1773485618.13026
17,system,heartbeat,ok,1773485628.14141
18,system,heartbeat,ok,1773485638.15563
19,system,heartbeat,ok,1773485648.16516
20,system,heartbeat,ok,1773485658.18023
21,system,heartbeat,ok,1773485668.20327
22,system,heartbeat,ok,1773485678.21108
23,system,heartbeat,ok,1773485688.22097
24,system,heartbeat,ok,1773485698.23185
25,system,heartbeat,ok,1773485708.23985
26,system,heartbeat,ok,1773485718.24464
27,system,heartbeat,ok,1773485728.25723
28,system,heartbeat,ok,1773485738.27243
29,system,heartbeat,ok,1773485748.29979
30,system,heartbeat,ok,1773485758.32496
31,system,heartbeat,ok,1773485768.33924
32,system,heartbeat,ok,1773485778.35615
33,system,heartbeat,ok,1773485788.36343
34,system,heartbeat,ok,1773485798.37025
35,system,heartbeat,ok,1773485808.38139
36,system,heartbeat,ok,1773485818.40112
37,system,heartbeat,ok,1773485828.41783
38,system,heartbeat,ok,1773485838.43538
39,system,heartbeat,ok,1773485848.45615
40,system,heartbeat,ok,1773485858.47619
41,system,heartbeat,ok,1773485868.48307
42,system,heartbeat,ok,1773485878.49349
43,system,heartbeat,ok,1773485888.49787
44,system,heartbeat,ok,1773485898.50516
45,system,heartbeat,ok,1773485908.5194
46,system,heartbeat,ok,1773485918.53583
47,system,heartbeat,ok,1773485928.55853
48,system,heartbeat,ok,1773485938.58674
49,system,heartbeat,ok,1773485948.59861
50,system,heartbeat,ok,1773485958.60716
51,system,heartbeat,ok,1773485968.62666
52,system,heartbeat,ok,1773485978.63618
53,system,heartbeat,ok,1773485988.64915
54,system,heartbeat,ok,1773485998.6718
55,system,heartbeat,ok,1773486008.69562
56,system,heartbeat,ok,1773486018.70635
57,system,heartbeat,ok,1773486028.73563
58,system,heartbeat,ok,1773486038.74896
59,system,heartbeat,ok,1773486048.7714
60,system,heartbeat,ok,1773486058.79565
61,system,heartbeat,ok,1773486068.81075
62,system,heartbeat,ok,1773486078.83249
63,system,heartbeat,ok,1773486088.84937
64,system,heartbeat,ok,1773486098.88013
65,system,heartbeat,ok,1773486108.89273
66,system,heartbeat,ok,1773486118.91352
67,system,heartbeat,ok,1773486128.93066
68,system,heartbeat,ok,1773486138.94037
69,system,heartbeat,ok,1773486148.95684
70,system,heartbeat,ok,1773486158.97094
71,system,heartbeat,ok,1773486168.98542
72,system,heartbeat,ok,1773486178.99296
73,system,heartbeat,ok,1773486189.01009
74,system,heartbeat,ok,1773486199.02415
75,system,heartbeat,ok,1773486209.04307
76,system,heartbeat,ok,1773486219.05685
77,system,heartbeat,ok,1773486229.07756
78,system,heartbeat,ok,1773486239.08897
79,system,heartbeat,ok,1773486249.09771
80,system,heartbeat,ok,1773486259.11511
81,system,heartbeat,ok,1773486269.12632
82,system,heartbeat,ok,1773486279.14215
83,system,heartbeat,ok,1773486289.16967
84,system,heartbeat,ok,1773486299.19175
85,system,heartbeat,ok,1773486309.20174
86,system,heartbeat,ok,1773486319.2098
87,system,heartbeat,ok,1773486329.22786
88,system,heartbeat,ok,1773486339.24383
89,system,heartbeat,ok,1773486349.25608
90,system,heartbeat,ok,1773486661.95171
91,system,heartbeat,ok,1773486671.96442
92,system,heartbeat,ok,1773486681.98745
93,system,heartbeat,ok,1773486692.0016
94,system,heartbeat,ok,1773486702.02186
95,system,heartbeat,ok,1773486712.04143
96,system,heartbeat,ok,1773486722.05982
